struct_vol,struct_num,first_dep_col_ind,permitted_farthest_J,rank,independent_configs,latt_abc_var
14,19,200,J199,200,100.0,3.0499654485992562
14,32,200,J199,200,100.0,3.0499654485992562
14,20,200,J199,200,100.0,6.591967424895741
14,36,200,J199,200,100.0,6.591967424895741
15,23,200,J199,200,100.0,3.423232941914223
15,30,200,J199,200,100.0,3.423232941914223
15,18,200,J199,200,100.0,5.2648487965650235
15,34,200,J199,200,100.0,5.2648487965650235
15,16,200,J199,200,100.0,13.188664907767887
15,25,200,J199,200,100.0,13.188664907767887
16,27,200,J199,200,100.0,1.6219614311133963
16,37,200,J199,200,100.0,1.6219614311133963
16,22,200,J199,200,100.0,5.443974131762243
16,40,200,J199,200,100.0,5.443974131762243
16,21,200,J199,200,100.0,7.971688253615852
16,36,200,J199,200,100.0,7.971688253615852
16,23,200,J199,200,100.0,13.188664907767887
16,34,197,J196,200,100.0,3.423232941914223
13,15,196,J195,200,100.0,0.5144972263200828
13,18,196,J195,200,100.0,0.5144972263200828
13,14,196,J195,200,100.0,6.591967424895741
13,19,196,J195,200,100.0,6.591967424895741
14,30,196,J195,200,100.0,3.0499654485992562
14,37,196,J195,200,100.0,3.0499654485992562
13,10,191,J190,200,100.0,31.609230322756805
13,11,191,J190,200,100.0,35.20886810578285
13,9,191,J190,200,100.0,63.31628871349682
13,12,191,J190,200,100.0,78.23846804173205
14,11,191,J190,200,100.0,35.20886810578285
14,29,191,J190,200,100.0,39.1510645922065
14,10,191,J190,200,100.0,69.39498676376103
14,16,191,J190,200,100.0,98.45595540710502
15,13,191,J190,200,100.0,47.90292911894102
15,10,191,J190,200,100.0,88.4458936703188
15,14,191,J190,200,100.0,126.7905160760818
16,14,191,J190,200,100.0,44.29508781466862
16,13,191,J190,200,100.0,49.74768066705426
16,12,191,J190,200,100.0,57.61277647838583
16,42,191,J190,200,100.0,62.77013967056225
16,11,191,J190,200,100.0,108.52376118336042
16,18,191,J190,200,100.0,148.87875165641395
15,21,172,J171,200,100.0,45.48801526525165
15,37,172,J171,200,100.0,48.0319175991117
16,58,172,J171,200,100.0,17.03437281887651
14,12,170,J169,200,100.0,41.50457808894985
12,14,166,J165,200,100.0,65.36963557828393
16,56,160,J159,191,100.0,47.46417218304121
16,33,156,J155,200,100.0,5.2648487965650235
16,41,156,J155,200,100.0,5.2648487965650235
16,20,156,J155,200,100.0,21.184543126685465
16,30,156,J155,200,100.0,21.184543126685465
12,16,151,J150,200,100.0,3.9634722397650335
12,26,151,J150,200,100.0,3.9634722397650335
12,9,148,J147,196,100.0,46.07712203621398
15,12,148,J147,200,100.0,47.90292911894102
15,11,139,J138,200,100.0,47.90292911894102
10,8,134,J133,200,100.0,26.180671538325765
10,12,134,J133,200,100.0,36.064016616427104
11,12,134,J133,200,100.0,0.5144972263200828
11,14,134,J133,200,100.0,0.5144972263200828
11,9,134,J133,200,100.0,28.405014854701705
11,8,134,J133,200,100.0,30.740084681791704
11,10,134,J133,200,100.0,47.21090917095586
12,17,134,J133,200,100.0,0.5144972263200828
14,18,134,J133,200,100.0,9.69001068414304
14,27,134,J133,200,100.0,9.69001068414304
15,17,134,J133,200,100.0,5.2648487965650235
15,29,134,J133,200,100.0,5.2648487965650235
15,39,134,J133,199,100.0,43.39378012685918
12,10,131,J130,200,100.0,28.405014854701705
16,62,131,J130,186,100.0,5.738868596768583
12,42,129,J128,137,100.0,28.405014854701705
16,32,129,J128,200,100.0,62.20597186708244
16,67,127,J126,165,100.0,67.77302533264763
12,21,118,J117,170,100.0,29.182975869111612
10,9,111,J110,165,100.0,21.967366367140276
10,20,111,J110,167,100.0,21.967366367140276
12,44,111,J110,153,100.0,3.9634722397650335
12,41,111,J110,177,100.0,35.59933497083875
12,11,111,J110,176,100.0,46.07712203621398
14,13,111,J110,200,100.0,63.31628871349682
14,38,111,J110,200,100.0,63.31628871349682
16,61,111,J110,156,100.0,1.6219614311133963
16,15,111,J110,200,100.0,95.03499034215646
16,55,111,J110,198,100.0,95.03499034215646
9,8,107,J106,192,100.0,21.313235255266964
12,45,106,J105,143,100.0,0.5144972263200828
12,61,106,J105,143,100.0,0.5144972263200828
12,50,106,J105,122,100.0,33.08173872025347
12,57,104,J103,130,100.0,25.66426594889064
9,7,102,J101,200,100.0,21.967366367140276
15,24,102,J101,200,100.0,9.69001068414304
15,35,102,J101,200,100.0,9.69001068414304
16,59,102,J101,158,100.0,3.9634722397650335
16,82,102,J101,158,100.0,3.9634722397650335
8,7,99,J98,140,100.0,12.106484937664627
10,27,99,J98,127,100.0,43.61703393609722
10,10,99,J98,121,100.0,49.66357008313533
12,47,99,J98,139,100.0,5.828062636518652
12,53,99,J98,139,100.0,5.828062636518652
12,43,99,J98,136,100.0,6.1724788314869885
12,65,99,J98,136,100.0,6.1724788314869885
12,30,99,J98,145,100.0,8.50044622931582
12,35,99,J98,145,100.0,8.50044622931582
12,18,99,J98,141,100.0,9.258474261449097
12,33,99,J98,141,100.0,9.258474261449097
12,40,99,J98,137,100.0,75.52503387996205
12,12,99,J98,149,100.0,82.33700778483485
14,25,99,J98,183,100.0,11.640000176625515
14,34,99,J98,183,100.0,11.640000176625515
14,47,99,J98,189,100.0,12.789232010955262
14,48,99,J98,189,100.0,12.789232010955262
14,31,99,J98,187,100.0,15.17813645568468
14,42,99,J98,187,100.0,15.17813645568468
14,21,99,J98,187,100.0,16.69945391242619
14,41,99,J98,187,100.0,16.69945391242619
14,46,99,J98,183,100.0,125.3858018110335
14,14,99,J98,177,100.0,132.86259237910232
16,60,99,J98,187,100.0,12.134969380488215
16,28,99,J98,200,100.0,13.425968466287246
16,38,99,J98,200,100.0,13.425968466287246
16,44,99,J98,196,100.0,23.247922180933454
16,49,99,J98,196,100.0,23.247922180933454
16,57,99,J98,164,100.0,25.46575657914715
16,85,99,J98,164,100.0,25.46575657914715
16,70,99,J98,168,100.0,27.70283802637692
16,71,99,J98,168,100.0,27.70283802637692
16,24,99,J98,196,100.0,30.248784305125383
16,47,99,J98,196,100.0,30.248784305125383
16,54,99,J98,193,100.0,179.12257401576207
16,16,99,J98,200,100.0,187.03558077631405
16,64,94,J93,147,100.0,9.690010684143044
8,10,93,J92,136,100.0,17.091984457458693
15,27,89,J88,200,100.0,3.423232941914223
16,80,88,J87,129,100.0,1.6219614311133963
16,72,88,J87,178,100.0,15.012455367223296
16,76,88,J87,132,100.0,56.81002970940339
7,6,82,J81,171,100.0,10.125235197460597
7,5,82,J81,171,100.0,23.8529099542517
8,11,82,J81,142,100.0,2.8694342983842898
8,6,82,J81,147,100.0,35.191503175448524
9,9,82,J81,200,100.0,4.598968967595097
9,12,82,J81,200,100.0,4.598968967595097
9,6,82,J81,191,100.0,53.972934357625206
10,15,82,J81,124,100.0,1.7130646984120361
10,23,82,J81,124,100.0,1.7130646984120361
10,13,82,J81,200,100.0,10.205283027433369
10,16,82,J81,200,100.0,10.205283027433369
10,7,82,J81,200,100.0,74.30329444113636
11,11,82,J81,200,100.0,13.810564564888494
11,13,82,J81,200,100.0,13.810564564888494
11,7,82,J81,200,100.0,103.15636880760307
12,29,82,J81,200,100.0,10.506813679158315
12,22,82,J81,200,100.0,13.698483379448499
12,27,82,J81,200,100.0,13.698483379448499
12,15,82,J81,200,100.0,22.209847529697807
12,20,82,J81,200,100.0,22.209847529697807
12,8,82,J81,200,100.0,125.79832028182818
13,13,82,J81,200,100.0,31.850621231433646
13,16,82,J81,200,100.0,31.850621231433646
13,8,82,J81,200,100.0,164.9974750727847
14,24,82,J81,123,100.0,0.0
14,33,82,J81,123,100.0,0.0
14,23,82,J81,200,100.0,16.034947761039046
14,28,82,J81,200,100.0,16.034947761039046
14,17,82,J81,200,100.0,37.04559060403639
14,22,82,J81,200,100.0,37.04559060403639
14,9,82,J81,200,100.0,197.40698064052972
15,22,82,J81,200,100.0,18.15972740649696
15,32,82,J81,200,100.0,30.278733679913234
15,36,82,J81,200,100.0,30.278733679913234
15,26,82,J81,200,100.0,35.14559117198121
15,15,82,J81,200,100.0,53.83486750370778
15,20,82,J81,200,100.0,53.83486750370778
15,9,82,J81,200,100.0,238.9635545024162
16,69,82,J81,200,100.0,22.315695757951516
16,26,82,J81,200,100.0,23.826855883127752
16,31,82,J81,200,100.0,23.826855883127752
16,43,82,J81,200,100.0,30.023263720594695
16,19,82,J81,200,100.0,65.85717084405064
16,25,82,J81,200,100.0,65.85717084405064
16,10,82,J81,200,100.0,281.47351766557153
8,8,79,J78,93,100.0,21.78826167523343
15,40,79,J78,191,100.0,6.591967424895741
10,17,76,J75,115,100.0,2.2821552946094763
8,19,74,J73,81,100.0,17.109510632593757
16,88,74,J73,81,100.0,7.752008547314431
10,14,72,J71,200,100.0,0.0
10,19,72,J71,200,100.0,0.0
12,60,72,J71,145,100.0,59.149994264505686
12,28,72,J71,186,100.0,65.36963557828393
15,41,72,J71,186,100.0,119.57776171796024
15,31,72,J71,196,100.0,126.7905160760818
6,5,71,J70,89,100.0,9.530784497727593
12,52,71,J70,89,100.0,13.577659516717416
10,28,68,J67,121,100.0,0.6294768758945132
6,14,62,J61,71,100.0,6.067484690244107
6,8,62,J61,91,100.0,7.629488230936485
9,13,62,J61,174,100.0,25.917744228648925
6,6,57,J56,65,100.0,9.13232225296566
12,23,57,J56,183,100.0,0.0
6,9,56,J55,70,100.0,2.8694342983842898
6,11,56,J55,70,100.0,2.8694342983842898
8,24,56,J55,69,100.0,13.577659516717416
8,13,56,J55,90,100.0,18.15972740649696
10,21,56,J55,127,100.0,39.64726503779754
10,24,56,J55,127,100.0,39.64726503779754
12,31,56,J55,146,100.0,71.19625827456184
12,51,56,J55,122,100.0,77.94271940674133
14,39,56,J55,179,100.0,120.63024612102511
14,43,56,J55,179,100.0,120.63024612102511
16,79,56,J55,69,100.0,28.361595853243433
16,68,56,J55,178,100.0,173.99687392083797
16,45,56,J55,196,100.0,181.86045606024206
5,4,54,J53,116,100.0,5.8200000883127565
13,17,54,J53,120,100.0,18.15972740649696
13,20,54,J53,120,100.0,18.15972740649696
9,10,48,J47,84,100.0,0.0
9,14,48,J47,84,100.0,0.0
12,58,48,J47,89,100.0,9.258474261449097
12,63,48,J47,89,100.0,9.258474261449097
12,24,48,J47,121,100.0,12.789232010955262
12,34,48,J47,121,100.0,12.789232010955262
12,48,48,J47,85,100.0,12.789232010955262
12,59,48,J47,85,100.0,12.789232010955262
16,83,48,J47,92,100.0,11.295504222107942
16,77,48,J47,91,100.0,40.478480091219545
16,81,48,J47,91,100.0,40.478480091219545
16,35,48,J47,144,100.0,45.88356186528171
16,48,48,J47,144,100.0,45.88356186528171
16,65,48,J47,106,100.0,45.88356186528171
16,78,48,J47,106,100.0,45.88356186528171
12,67,47,J46,79,100.0,11.295504222107942
12,46,47,J46,85,100.0,15.25897646187297
12,66,47,J46,85,100.0,15.25897646187297
12,54,47,J46,70,100.0,19.58076604118998
16,87,47,J46,82,100.0,45.18201688843175
16,63,47,J46,106,100.0,50.91536065482159
16,86,47,J46,106,100.0,50.91536065482159
16,73,47,J46,109,100.0,56.8100297094034
8,20,42,J41,46,100.0,12.106484937664627
16,89,42,J41,46,100.0,0.0
9,17,39,J38,59,100.0,5.814006410485821
9,16,39,J38,78,100.0,21.313235255266964
7,7,33,J32,63,100.0,2.8694342983842898
7,8,33,J32,63,100.0,2.8694342983842898
8,12,31,J30,80,100.0,0.6294768758945132
8,15,31,J30,80,100.0,0.6294768758945132
8,22,31,J30,46,100.0,0.6294768758945132
6,15,30,J29,43,100.0,28.405014854701705
6,12,30,J29,39,100.0,34.51598954221832
8,25,30,J29,52,100.0,2.2821552946094763
8,23,30,J29,55,100.0,75.52503387996204
8,16,30,J29,56,100.0,82.88749672578406
10,29,30,J29,73,100.0,145.23606134943824
10,25,30,J29,69,100.0,153.36803959890162
12,49,30,J29,85,100.0,237.53809726313042
12,36,30,J29,86,100.0,246.18946191455794
14,49,30,J29,96,100.0,352.4311416210383
14,44,30,J29,96,100.0,361.45613510745403
16,66,30,J29,96,100.0,489.9151944231621
16,50,30,J29,96,100.0,499.22165631821116
4,4,28,J27,37,100.0,1.1410776473047388
8,21,24,J23,48,100.0,0.6294768758945131
4,3,23,J22,30,100.0,12.106484937664627
5,3,23,J22,48,100.0,28.405014854701705
6,4,23,J22,51,100.0,47.46417218304121
7,4,23,J22,69,100.0,82.88749672578406
8,5,23,J22,72,100.0,121.24030404016143
9,5,23,J22,88,100.0,161.56029205142536
10,6,23,J22,91,100.0,220.34792398644063
11,6,23,J22,102,100.0,281.13639942935197
12,7,23,J22,104,100.0,343.42943725245703
13,7,23,J22,104,100.0,425.2287841531752
14,8,23,J22,104,100.0,508.54336059080424
15,8,23,J22,104,100.0,593.0716077861362
16,9,23,J22,104,100.0,697.7260733956324
3,1,22,J21,38,100.0,13.412742569437128
4,1,22,J21,45,100.0,31.14576376051275
5,2,22,J21,67,100.0,17.257994771109157
5,1,22,J21,70,100.0,66.43129618955116
6,2,22,J21,80,100.0,29.491991975427606
6,7,22,J21,80,100.0,29.491991975427606
6,13,22,J21,49,100.0,33.88651266632382
6,3,22,J21,47,100.0,39.68299290167457
6,1,22,J21,77,100.0,105.53554227262866
7,2,22,J21,105,100.0,39.87975528731021
7,3,22,J21,105,100.0,39.87975528731021
7,1,22,J21,102,100.0,163.95106551999697
8,18,22,J21,54,100.0,37.76251693998102
8,3,22,J21,106,100.0,45.916487905569134
8,2,22,J21,96,100.0,57.56327884862271
8,9,22,J21,96,100.0,57.56327884862271
8,17,22,J21,56,100.0,79.06852955475554
8,4,22,J21,64,100.0,86.19241343507491
8,1,22,J21,109,100.0,225.10733767317626
9,15,22,J21,57,100.0,45.18201688843175
9,3,22,J21,118,100.0,49.14548912819678
9,11,22,J21,118,100.0,49.14548912819678
9,2,22,J21,137,100.0,83.8271214820884
9,4,22,J21,137,100.0,83.8271214820884
9,1,22,J21,130,100.0,306.41627258875246
10,3,22,J21,135,100.0,52.81150511936823
10,4,22,J21,145,100.0,60.634069813053124
10,18,22,J21,145,100.0,60.634069813053124
10,2,22,J21,142,100.0,104.95552171141928
10,11,22,J21,142,100.0,104.95552171141928
10,26,22,J21,83,100.0,146.84155488740313
10,5,22,J21,81,100.0,154.78163310793593
10,1,22,J21,131,100.0,389.8611499621556
11,3,22,J21,170,100.0,65.85749773214054
11,4,22,J21,170,100.0,65.85749773214054
11,2,22,J21,168,100.0,142.13801809019103
11,5,22,J21,168,100.0,142.13801809019103
11,1,22,J21,131,100.0,493.9543847558945
12,39,22,J21,97,100.0,76.6840197994508
12,56,22,J21,97,100.0,76.6840197994508
12,55,22,J21,101,100.0,79.06852955475556
12,62,22,J21,101,100.0,79.06852955475556
12,3,22,J21,145,100.0,81.19899379893485
12,19,22,J21,145,100.0,81.19899379893485
12,4,22,J21,146,100.0,84.8018733211454
12,25,22,J21,146,100.0,84.8018733211454
12,5,22,J21,170,100.0,89.56128700788105
12,38,22,J21,147,100.0,102.22799870245835
12,2,22,J21,161,100.0,173.2410982716132
12,13,22,J21,161,100.0,173.2410982716132
12,37,22,J21,90,100.0,237.20558866426668
12,6,22,J21,96,100.0,245.69655935512696
12,1,22,J21,131,100.0,599.7969791395667
13,5,22,J21,182,100.0,76.6840197994508
13,3,22,J21,199,100.0,86.70668396926595
13,4,22,J21,199,100.0,86.70668396926595
13,2,22,J21,195,100.0,213.4237552709294
13,6,22,J21,198,100.0,213.4237552709294
13,1,22,J21,131,100.0,726.6153563520016
14,4,22,J21,200,100.0,94.94181192647159
14,26,22,J21,200,100.0,94.94181192647159
14,3,22,J21,200,100.0,104.18352701442201
14,5,22,J21,200,100.0,104.18352701442201
14,6,22,J21,200,100.0,135.87855926415898
14,35,22,J21,200,100.0,135.87855926415898
14,2,22,J21,199,100.0,263.15408496490073
14,15,22,J21,200,100.0,263.15408496490073
14,45,22,J21,103,100.0,350.16063088534605
14,7,22,J21,103,100.0,359.04789480050675
14,1,22,J21,131,100.0,854.9148252054097
15,6,22,J21,200,100.0,100.01886032498685
15,33,22,J21,200,100.0,100.01886032498685
15,4,22,J21,200,100.0,110.1739619932203
15,38,22,J21,127,100.0,135.5460506652952
15,42,22,J21,127,100.0,135.5460506652952
15,3,22,J21,200,100.0,135.84350691388886
15,19,22,J21,200,100.0,135.84350691388886
15,5,22,J21,148,100.0,142.36765355196965
15,28,22,J21,149,100.0,142.36765355196965
15,2,22,J21,199,100.0,305.6080908728088
15,7,22,J21,200,100.0,305.6080908728088
15,1,22,J21,131,100.0,1004.4227148762947
16,74,22,J21,100,100.0,101.65953799897142
16,4,22,J21,156,100.0,106.00234165143176
16,29,22,J21,156,100.0,106.00234165143176
16,6,22,J21,200,100.0,110.67106046384384
16,39,22,J21,200,100.0,110.67106046384384
16,53,22,J21,122,100.0,120.1764865218696
16,75,22,J21,122,100.0,120.1764865218696
16,3,22,J21,200,100.0,142.48360624042863
16,5,22,J21,200,100.0,142.48360624042863
16,52,22,J21,179,100.0,186.5420739642128
16,7,22,J21,198,100.0,201.60440126456766
16,2,22,J21,199,100.0,366.29415742017335
16,17,22,J21,200,100.0,366.29415742017335
16,51,22,J21,103,100.0,485.70668155064124
16,8,22,J21,103,100.0,494.8924877964535
16,1,22,J21,131,100.0,1155.2146881596843
3,2,19,J18,27,100.0,1.1410776473047388
4,6,19,J18,26,100.0,7.629488230936484
4,2,19,J18,30,100.0,14.591487934555802
4,5,19,J18,30,100.0,14.591487934555802
6,16,19,J18,49,100.0,33.88651266632382
6,10,19,J18,47,100.0,39.68299290167457
8,27,19,J18,48,100.0,0.6294768758945131
8,26,19,J18,56,100.0,79.06852955475554
8,14,19,J18,64,100.0,86.19241343507491
10,30,19,J18,83,100.0,146.84155488740313
10,22,19,J18,81,100.0,154.78163310793593
12,64,19,J18,90,100.0,237.20558866426668
12,32,19,J18,96,100.0,245.69655935512696
14,50,19,J18,103,100.0,350.16063088534605
14,40,19,J18,103,100.0,359.04789480050675
16,84,19,J18,103,100.0,485.70668155064124
16,46,19,J18,103,100.0,494.8924877964535
4,8,18,J17,25,100.0,3.8760042736572156
4,7,18,J17,22,100.0,11.295504222107935
8,28,18,J17,25,100.0,3.1554436208840472e-30
2,1,12,J11,13,99.5,1.9380021368286078
4,9,12,J11,13,100.0,0.0
2,0,11,J10,15,99.5,11.295504222107937
3,0,11,J10,25,100.0,45.18201688843175
4,0,11,J10,34,100.0,101.65953799897142
5,0,11,J10,44,100.0,180.7280675537269
6,0,11,J10,53,100.0,282.38760555269846
7,0,11,J10,61,100.0,406.6381519958857
8,0,11,J10,61,100.0,553.4797068832889
9,0,11,J10,61,100.0,722.9122702149081
10,0,11,J10,61,100.0,914.9358419907427
11,0,11,J10,61,100.0,1129.5504222107936
12,0,11,J10,61,100.0,1366.7560108750604
13,0,11,J10,61,100.0,1626.5526079835427
14,0,11,J10,61,100.0,1908.9402135362413
15,0,11,J10,61,100.0,2213.9188275331553
16,0,11,J10,61,100.0,2541.4884499742857
2,2,8,J7,9,95.5,0.0
1,0,4,J3,6,27.0,7.888609052210118e-31
